int,float
45,45.71713235
165,161.6236149
148,147.5334862
-38,-35.46475205
185,185.8944127
79,80.2728047
30,25.73182597
17,17.89829585
53,51.5662458
159,161.0765092
52,54.39334794
63,61.47983375
92,91.91521372
50,50.4593369
39,36.75531797
126,125.6670712
118,121.4326362
144,148.0895471
139,140.0074573
85,84.41281277
6,5.934584002
129,126.2686121
73,72.26916537
30,25.64551076
43,41.45781835
54,55.70061742
161,162.2534535
7,7.800089814
106,107.5646133
97,96.93355551
79,77.97049398
107,105.5883146
68,69.25414901
19,19.02607647
78,77.69199293
28,28.9076199
149,147.5702224
7,7.522553611
92,90.38889011
48,49.51037001
62,61.70730961
100,103.6704379
39,38.83141738
71,72.13008476
114,112.9426438
87,89.72180633
32,33.04226697
43,41.09287304
145,144.0622412
118,117.2475111
176,175.2382381
55,53.47236133
137,137.3341852
17,18.11422619
91,91.13489589
38,39.65007225
37,35.33181486
157,156.784023
106,108.2817911
58,60.61151941
134,135.8647022
73,68.67333552
26,25.34590036
40,41.86900672
140,140.7809599
33,30.63432121
110,111.9265932
102,99.29607211
102,102.110045
112,112.2164423
82,81.16740085
108,109.333563
57,56.00438074
22,19.87286711
70,71.8462071
148,148.6896172
-7,-7.662408545
35,31.79494722
7,8.584262115
144,142.4166859
-26,-25.60514855
149,146.626562
10,8.102230262
118,121.1384983
64,62.88349681
-24,-23.54536842
66,67.5560625
67,67.56781395
127,131.4479981
112,108.633981
118,116.3488134
70,70.38534604
12,12.96052208
174,171.4054686
70,71.70228344
122,124.6262263
32,32.00344152
92,92.73250022
110,107.8926808
6,6.090276697
60,62.88865188
201,202.7110884
232,231.2594833
45,44.1061988
30,31.40923977
20,21.13862019
111,110.2615401
114,113.8618587
45,48.04029947
53,51.76746155
37,38.72865758
85,85.79786217
31,30.59987894
85,88.10088536
76,76.36731744
75,75.91616998
80,76.65798482
-34,-35.65724649
117,114.088132
-16,-17.11677941
15,16.41790189
91,92.82551226
-3,-2.095578717
143,142.6520168
25,25.26382512
113,113.3807668
-8,-7.101786476
2,1.766622465
92,95.11252122
99,97.99785816
-10,-9.248884737
-12,-9.743036269
49,46.65975283
169,168.4200714
81,81.86554357
44,45.12520209
79,79.19610767
135,133.855664
24,23.70718033
87,88.81538482
76,75.58800722
39,37.44642716
138,140.2437756
106,107.9952824
183,183.2300643
97,94.91655607
66,67.64679477
78,73.09189524
54,57.68338564
139,139.9979919
148,148.0483242
100,100.1428048
35,38.61878641
6,3.080716895
106,109.2861692
33,35.41374111
88,86.79002911
59,56.34699921
66,70.48402002
48,48.36658183
-5,-7.183548897
53,53.79253058
14,16.73653603
53,52.14979454
2,2.711044557
34,33.20415387
-7,-7.331511572
48,50.22702378
71,70.67642269
59,59.12604477
186,188.0098085
-29,-28.74774004
-23,-24.06500836
151,149.8715966
64,63.446825
30,30.6599057
54,58.20101698
113,111.6038114
104,105.5150715
121,120.5888706
121,120.038012
113,110.9045081
2,1.791347342
82,81.87364353
-5,-6.420129228
15,16.54624909
192,195.1010275
108,104.5747086
44,43.20183903
151,153.1452478
-33,-31.8827266
33,31.89085384
166,164.492685
67,69.53034043
117,117.0543813
123,121.7044691
43,47.04539995
50,53.29941797
-5,-6.871617291
112,112.1811169
-59,-58.12489285
125,124.9464703
135,134.7917521
65,68.58765057
20,18.07665237
102,103.7771056
66,63.26825227
39,39.54736102
19,16.9678507
52,53.00312341
82,82.85117287
157,156.4237421
-43,-40.5940849
93,92.12185787
57,57.29555069
61,59.16254516
97,96.85750738
23,21.18275432
66,66.72998519
121,119.8673987
47,44.52076041
0,-1.838378137
29,31.78801926
32,32.54018362
78,76.60449064
48,50.93930199
45,45.74959953
2,5.199406064
131,129.1022381
51,50.46277763
18,16.35975647
-17,-18.31065005
-64,-63.03366125
-13,-12.71201768
-34,-35.04712707
96,94.65790319
171,170.4477174
46,48.62976033
24,21.48010371
124,122.0202256
129,127.7231328
81,80.45421838
96,91.24381131
47,48.8305556
-34,-34.65976023
37,37.87484944
45,44.97143755
141,139.6957271
6,6.103558223
19,17.68228282
108,112.6886081
-17,-17.77554411
65,63.86898482
133,134.8429308
1,3.900148581
171,172.0375433
63,61.44050592
101,103.0125476
44,42.08402559
31,34.93358345
129,125.3493126
-15,-12.10452476
29,25.60983852
103,100.2542772
98,97.20941805
61,64.01188534
57,58.59631205
77,74.86676234
1,3.025888898
59,59.41653108
75,74.88882516
-19,-20.90344148
44,45.33559175
76,71.70648589
69,69.0848659
94,94.71351797
32,30.64362124
-11,-14.77180065
6,8.669979568
68,67.40868105
22,22.55162428
5,4.672732759
136,134.9287866
-44,-45.48384403
18,15.67011519
71,73.18816866
61,62.04616084
143,145.4777315
109,104.7232052
93,93.52238981
-1,0.850540187
39,39.48857938
-19,-19.63814962
81,82.21301251
23,24.02659716
39,38.57750294
124,127.2382496
63,66.23922317
88,87.54718525
70,70.75214904
52,52.5110161
32,31.93374871
149,144.8322878
86,84.90744525
122,118.1434819
-10,-8.761227656
36,33.58126626
91,89.5215565
69,72.42150202
-18,-16.62450975
115,114.4449631
81,80.69205651
-9,-6.170028479
156,154.5293737
72,71.49976059
34,37.10070036
85,84.94496231
108,106.025329
84,82.86809095
128,132.2905072
65,62.77172706
146,148.461013
189,189.6655861
123,124.2238062
62,63.92065829
151,152.6507333
-5,-5.243060337
53,54.08533453
64,63.31512858
1,0.916842987
48,47.62772129
117,117.4821587
102,102.9789375
97,96.80440889
37,36.91776287
46,46.05840833
64,64.05162659
93,92.83306453
-56,-54.63798946
182,177.1931934
-20,-22.28642911
113,111.6460114
51,53.68974487
62,61.18657369
61,61.03899883
96,95.03251968
48,46.4972836
130,130.5728125
90,92.69533291
112,110.8175207
47,49.21393965
99,98.83820081
82,82.59454842
62,62.49804661
14,16.69204619
49,47.53363781
15,14.43418869
28,23.98302203
18,17.72153224
113,112.7213344
59,58.30370873
86,86.2823818
114,114.1094901
18,18.23350957
83,82.94049477
20,17.79674798
6,4.91239298
137,138.0469275
88,86.41672674
94,90.11031838
96,95.50636075
71,72.09348031
29,26.44245578
99,99.53764449
35,35.39616444
104,102.546577
41,40.65031388
106,107.6143632
87,85.8339013
152,150.6434661
109,109.9012333
122,121.6797611
68,69.62722994
75,73.42417351
-21,-19.46451873
49,49.37760292
76,75.01795788
108,108.9866047
90,87.25831716
152,152.9102398
50,51.11195178
4,1.67103512
26,27.38771429
107,109.4660088
59,62.28427661
145,140.5440672
88,89.48538135
218,213.8082745
-25,-24.56694047
120,118.2524153
29,27.42685743
74,73.24623864
34,31.24813727
25,27.10104821
173,170.997477
142,141.2048456
38,40.75083819
105,106.0755158
-9,-7.359065803
182,183.0855167
129,125.8519612
147,148.4012865
110,107.8565959
56,55.576105
216,219.6029667
51,50.70308915
80,79.89010883
-2,-5.023059157
162,163.8860223
112,107.8572483
139,136.8949768
105,104.2721048
116,116.5731597
120,121.7120934
72,71.87280742
66,67.03447076
-32,-32.313027
97,98.53564682
114,114.9245373
59,59.15426298
164,163.2349736
84,82.13259349
39,39.8751133
41,40.53180786
85,86.25250046
42,43.9393633
98,98.9407562
176,182.5693475
210,206.3746914
-3,-4.998249497
95,99.20713417
87,85.92982328
51,50.11991004
37,39.12881753
60,60.71734286
88,89.90897379
33,33.23992895
-2,-2.262775711
84,85.17920777
30,29.12873002
105,105.1644299
43,43.08446765
65,63.51444814
-44,-41.98741483
96,96.81164374
68,64.48748635
20,21.89419198
67,62.94190179
-18,-17.75906079
107,107.4085835
127,126.7789814
23,26.8864854
126,125.5300406
18,18.94587365
45,43.78081465
17,14.5535589
80,77.60863394
122,122.7988413
-70,-70.28425261
95,98.4966002
43,43.91403613
88,90.04926374
46,43.7789607
205,204.7306882
-33,-33.71299315
25,24.48753706
36,34.61651217
18,16.25520834
2,2.175033662
87,85.76642309
50,52.44400713
108,106.9668184
137,138.1104821
54,54.5142724
28,25.65216041
70,72.66921449
94,95.88088372
74,74.98410846
-8,-7.412623693
120,117.3117105
75,76.78402229
46,46.52755801
-63,-60.23655991
101,102.4898811
137,138.3130605
40,45.74444857
54,53.11138102
110,109.385862
64,64.76401756
28,25.23323299
81,80.57753253
16,14.69489234
79,80.46834153
25,24.95816148
129,129.4345668
60,58.59939067
57,54.88464016
83,82.01643272
79,79.55462207
56,55.41827099
101,100.0152249
159,158.545491
45,43.90201417
7,10.15500129
-12,-13.63254045
168,167.4451362
-14,-14.87473219
-1,-2.827233087
6,7.08568358
99,101.7801893
58,55.2205016
60,63.06647647
148,145.9052968
73,71.03941361
30,32.92017962
103,104.0606537
190,190.3224515
99,100.6406804
-1,-0.282106068
108,108.0010645
111,109.8960734
10,8.311081306
80,82.89035998
56,54.0001074
47,46.79874881
50,50.82834965
-20,-18.6516057
51,50.83251345
-50,-50.18566305
102,106.9293605
99,99.20223544
-40,-41.48353036
-17,-18.41131073
101,104.6248654
73,76.66044669
135,137.1757038
98,94.13475677
9,8.884709573
11,12.05863672
51,50.004753
42,41.76756944
98,101.4421647
87,89.65268397
154,153.4558045
111,111.1060271
61,59.37588914
68,70.16601369
126,122.6871876
62,60.28416969
31,33.32937818
41,36.75726642
44,48.51013659
-24,-24.51215633
89,90.00251016
84,81.50766848
74,74.90354859
7,6.434416366
46,45.95834196
10,12.08194664
116,112.875684
87,86.78967256
-39,-36.23722773
34,36.17355778
-38,-39.93732574
109,107.8420733
20,20.13193752
71,72.86141699
158,152.5042866
15,13.80715944
100,100.4430474
169,168.5939529
107,108.0071594
14,10.63752675
72,72.6088095
206,210.1382798
20,19.72295768
52,54.19370539
114,113.917382
37,35.99710782
95,95.27719232
79,76.8316743
131,130.8297111
75,77.25389639
12,12.06389907
63,64.6134921
78,76.19265669
83,80.00225829
45,44.15956238
84,85.99453245
26,25.40919355
128,128.132761
104,106.4342276
68,66.78036228
179,183.195403
91,92.78122796
35,35.67070713
17,19.06942316
58,58.64489755
96,94.79917105
73,75.16655007
40,39.78581771
30,27.18198639
-9,-9.25737527
56,55.56853991
-15,-17.76167929
59,55.92425592
2,2.754058152
32,34.2988449
201,201.5061827
80,81.36165774
102,103.4088945
-67,-65.08592074
224,222.5263584
72,70.80460441
132,132.2967244
-13,-13.3391518
84,81.89397078
-30,-30.55353449
-58,-58.51098167
44,43.17526209
117,116.2830695
114,108.2737124
8,7.991726222
165,167.45635
18,17.01682942
174,173.6765795
96,94.97409094
59,60.55973665
110,115.8593534
-8,-10.02945201
83,81.94679585
27,27.50134263
147,144.7123009
64,62.81193281
81,78.30744654
-8,-6.929013498
-53,-54.05774055
108,111.7998757
58,60.31317466
24,21.17462429
-3,-0.52047298
59,56.67435339
70,68.74824408
10,13.17524291
78,80.47968482
100,97.07020699
78,77.33512884
31,30.27431396
86,85.05148254
62,61.79993462
121,121.5711239
97,93.68422019
-83,-84.14225032
100,100.5125325
108,110.4533773
121,123.7442159
94,92.85816002
131,132.212945
80,80.33748903
111,109.8289624
33,31.79932471
30,31.39597639
57,52.42427256
10,10.51268242
108,109.9639256
40,40.90688603
26,24.33119885
134,135.8449622
89,90.54790847
107,104.7786515
60,61.14883819
70,68.41154156
15,13.82213645
113,112.6707389
29,27.93660817
148,148.2763927
140,140.1289559
3,5.846810223
126,125.7467644
113,113.595699
-9,-9.375486743
114,113.1407734
107,106.4905694
105,102.2732835
98,95.7393698
-9,-7.198621982
64,67.12067378
23,25.50711884
-63,-61.20561344
-42,-41.54990962
-16,-13.76649007
56,58.00200555
17,15.83358032
86,84.93203464
43,44.65523691
39,39.2034264
78,79.62444828
47,48.18860112
107,109.3455452
86,85.17667507
32,27.88564883
48,46.39486973
126,126.3569686
29,31.3915328
40,41.32390235
40,41.49216949
132,132.8983861
36,36.65448627
37,40.08596922
53,53.69058104
68,65.2524405
84,83.01706808
57,57.02106893
109,108.1030657
30,26.1546279
37,37.20742918
51,54.01097564
78,76.75553925
173,168.8179564
-4,-0.137111941
13,11.6910442
91,87.67382752
170,171.2480198
114,117.9369865
77,76.67853534
112,114.8944907
46,45.47277247
95,94.55434705
23,24.86024434
75,75.91945621
105,105.7082249
23,19.01710597
70,68.1013912
185,183.1523934
119,120.2103427
12,12.94307621
164,164.6473885
36,34.30783971
134,133.4155934
130,128.2121344
57,56.11750744
174,170.5868807
-7,-5.308108036
186,185.5695952
119,117.3322201
61,60.41530313
161,165.298779
143,146.4349604
77,74.6291575
67,68.3774713
50,49.26568534
108,104.5089866
90,88.86528946
135,134.230046
44,40.32867913
64,67.39448741
-43,-41.13272645
83,82.24810407
83,84.6560762
107,107.409578
34,32.86127423
62,62.25058705
100,101.4569211
48,45.31880747
173,168.8203942
-34,-30.52959612
50,51.87192342
90,88.67781156
82,82.88095899
96,99.45160371
57,59.18154216
72,75.46402791
6,6.523569008
131,133.0000685
46,47.46364939
44,45.12802207
67,64.92588645
240,240.4216068
69,71.93884361
78,78.34576306
115,116.769705
97,95.97647077
1,0.11190352
87,84.46053965
43,43.81032249
69,68.66276713
36,39.41622162
91,88.48029051
-55,-56.62872974
98,92.71947832
74,75.45648146
-6,-7.947016905
137,133.9013384
150,150.6624355
178,175.2838286
95,95.18003495
-21,-21.42700941
55,53.06321459
51,51.56389631
7,10.42092685
92,94.30562103
98,97.77942529
59,57.23252724
70,73.82767027
53,50.07543289
9,9.24640461
66,65.27957936
181,182.0644495
-1,-0.140695721
-13,-17.10719375
78,76.09216232
74,74.75784152
30,32.04810729
104,104.1918198
88,88.55904731
91,92.53502148
51,53.64112744
103,102.7409576
52,51.61370421
13,13.39599332
152,152.4691208
91,92.22226679
66,65.41224837
95,95.10061746
58,61.2032544
7,4.681635211
53,52.3445681
-15,-13.403797
77,71.70781263
26,24.79143642
92,92.18278192
-16,-16.77243319
119,115.8120822
51,50.826039
79,76.05266388
-32,-34.99714281
38,36.60397585
67,63.39978932
144,143.8079323
38,36.7316333
78,76.22172714
120,118.5104261
98,97.44939922
76,74.61347077
-18,-12.79916049
29,28.96513362
133,134.0799314
135,136.7347985
72,69.43452488
41,37.95589563
166,166.4405933
68,69.9501628
61,63.50878429
-6,-5.116439168
101,95.23443819
41,42.71158489
113,112.8331224
165,165.73688
22,24.48935873
57,58.67425366
119,121.000034
62,61.1245131
62,60.44356484
97,96.47755589
139,140.0148245
82,79.82381735
122,121.7376862
154,153.5980087
63,63.1257136
132,132.8004918
108,103.459808
43,46.72239851
83,82.90257744
47,50.57479203
104,105.2101326
82,80.69837737
48,48.00940651
169,169.2486676
130,127.4280021
183,184.5378023
163,163.2684005
110,108.3542248
182,184.7568232
28,28.75761701
227,223.0234923
33,30.00732222
167,168.9008937
107,105.5159108
66,67.31430258
193,193.9957183
-17,-17.73610419
64,64.64425174
30,28.71117082
185,186.5014066
68,67.15448221
172,174.2149996
87,85.82050955
-11,-15.25402027
46,45.06210853
102,101.9981118
45,45.32583002
-35,-33.3680348
24,24.26988246
146,144.8234336
161,160.041022
51,53.52957237
5,6.290806948
85,83.90983136
97,98.26108105
144,145.73379
118,114.0781698
115,112.7504195
26,24.73927668
142,142.6829789
30,28.35696086
140,143.7013645
-5,-5.474712896
34,33.7944805
-43,-46.54021229
22,21.51129925
96,97.61550412
38,32.8650788
-35,-36.24968385
22,21.67651291
117,116.1415515
225,221.2763761
60,59.74917321
3,2.556474333
48,47.61650853
75,74.05033489
-7,-7.341052842
114,114.4844675
77,76.87025601
81,82.13732162
129,131.5596839
19,18.16521454
47,46.79637382
52,52.90188242
113,113.9734016
18,19.83134862
41,39.17787812
56,56.91355788
59,58.20472676
-44,-41.14659349
54,54.65258804
172,175.6606232
104,101.1633524
41,36.79232735
88,89.61550896
133,132.7568233
152,151.3995215
196,195.2860724
97,104.8503377
187,187.6739383
139,139.6125189
98,100.1638663
34,31.43577058
71,69.64247683
63,63.52340303
22,19.30508286
121,117.4687904
79,83.60363984
78,74.5161267
-39,-37.65628823
94,93.87725633
117,118.3510695
57,57.66427311
27,24.3607763
96,93.19081899
68,65.75971346
96,95.41154764
140,137.4404627
24,25.50889019
64,66.8838108
3,1.541129724
101,104.7766268
-2,-1.967136145
-35,-34.79097366
40,39.73091844
8,6.117523691
81,80.61498542
100,99.73063548
51,53.30905808
125,123.9818151
41,39.89717276
0,-1.645205394
79,82.00344158
69,69.96224118
37,36.82560875
64,63.8360578
-3,-3.46722204
68,66.26904798
126,124.090149
144,145.6867993
29,29.64538458
158,157.4017176
5,7.246140099
113,115.4664051
244,240.8970693
50,50.61838531
-63,-63.15860199
45,46.68568942
43,46.76186848
193,196.6449593
113,113.5160474
2,-1.517631613
44,41.81209587
56,54.48463562
9,10.51879413
47,48.5888579
114,115.0339092
103,102.2422777
155,156.5930395
-63,-64.35410552
33,32.49237165
41,40.47954934
90,89.05237375
79,79.9997312
-11,-8.298290783
-3,-4.217838034
20,21.11788011
23,25.36444061
40,40.50695049
36,33.94803421
62,56.22454598
59,61.58514124
17,17.60766628
111,111.3071662
27,26.18855601
53,50.21310687
108,109.3641451
90,90.32536239
-44,-44.4456513
107,107.3467941
60,61.14315285
153,153.0809577
108,110.9181822
32,32.06916213
150,150.9621168
130,128.4642997
124,123.3203849
68,69.11015093
43,43.9126655
-33,-32.77911261
15,13.8621384
58,59.68816236
145,145.3200183
68,69.95453957
58,56.69896848
-119,-121.978831
9,11.52598465
116,118.0443128
92,94.40425817
64,64.3114319
155,158.4078032
130,132.1208204
107,106.5633891
152,149.5072792
1,-1.806483088
37,37.13470891
34,35.03241747
75,75.69964962
112,112.8086085
100,98.19903779
165,161.2949486
-44,-44.76705996
16,18.18032105
41,39.7784487
40,42.49514527
50,53.96943427
25,24.54825418
72,72.0808122
-50,-49.01921455
174,171.2864262
61,62.48040327
47,49.13473938
50,48.84004894
98,98.92194854
113,111.5388381
84,86.16001554
59,58.85466323
140,140.4115661
-15,-14.92157069
42,45.2902669
178,180.3642445
66,64.40728377
62,59.76567953
56,56.72994455
134,133.305024
89,89.64754333
37,37.48365036
71,72.81847024
129,127.4379249
17,18.2376461
148,148.4202603
100,99.92291032
51,54.43878334
16,15.25432307
50,51.36987418
99,101.0232339
84,82.18557235
63,63.32362959
197,199.8366398
50,50.76307843
186,186.1312927
111,110.5689107
32,32.53315241
124,124.972436
73,76.36721756
51,50.73618261
132,133.6925817
156,157.6068697
57,54.50550769
138,136.773158
100,98.37468469
43,43.3541397
82,82.45415556
81,79.70466388
208,207.9652351
75,74.5904341
1,-2.527075458
71,70.3355079
120,118.3408739
66,66.52095125
97,93.7918123
36,38.54322378
55,56.83312816
168,169.250006
32,30.41943246
42,43.64813567
24,23.54134425
72,71.79922246
-18,-17.15202296
27,25.60156585
92,92.89176496
136,134.6611776
20,16.64708638
37,39.03883257
30,30.76068864
52,49.15641625
101,103.0468344
91,91.73126052
46,46.46423696
65,60.81102586
96,92.90580802
77,76.64586388
58,58.9178163
123,123.6032456
81,77.17058798
30,31.09576656
141,138.834395
63,63.31786423
-40,-36.70683019
-68,-65.94499738
42,39.77585569
84,80.85503515
-18,-22.0862947
162,162.3329637
25,27.17077149
125,124.4930201
134,131.4980697
65,64.89542888
165,164.8435494
155,151.844715
28,30.0610177
-19,-21.13709447
45,46.60934032
4,4.509213814
90,90.15858031
148,147.1682121
3,-0.851215404
33,33.63378083
-24,-24.69513143
-52,-51.56089051
154,155.6563555
27,27.95553322
256,255.1659959
16,14.98655094
99,100.6095675
143,143.1669143
115,115.3146
18,16.87087752
114,112.7471637
142,141.9201459
-1,-2.79182556
-28,-27.53472314
117,117.157474
103,102.2966689
53,54.34068571
92,90.44051873
81,79.53263863
48,45.85661064
-17,-18.60032148
0,-2.754931032
31,28.7471291
116,116.6846685
69,66.02812462
104,103.0337861
71,72.71776061
50,53.5765479
191,189.0856063
115,112.8595454
74,70.57852009
41,41.50304938
50,51.37400463
192,186.1399352
37,35.0844579
41,39.15440137
73,74.77389379
136,134.7872457
-6,-5.799585862
50,50.93586305
91,91.51524918
115,113.9503189
-11,-7.250698609
71,72.27190311
95,92.17814299
47,44.6544577
-2,-1.130018983
73,72.64547369
38,40.82260643
125,123.0789289
136,138.2123586
56,55.9594032
178,174.9891693
183,184.5226935
112,111.5435331
-14,-12.53128541
66,65.02477973
43,40.30137317
29,28.15219873
108,106.2129303
77,76.92873346
137,138.4694594
28,26.69249086
115,115.3242772
-28,-25.51031912
130,130.0177074
115,115.044614
30,29.66612867
123,124.2811694
101,99.54145557
93,93.74853435
143,136.7374182
-12,-11.5372263
78,78.13424623
15,16.15770233
60,60.90979529
34,34.95087522
5,0.155317095
20,17.70480263
61,62.40117912
147,145.9856616
75,74.80321292
43,44.59998229
120,121.0589254
110,112.7737782
113,114.1447885
9,11.42004734
-19,-18.4452771
76,74.47657386
58,56.86090864
121,119.5484875
224,223.439259
71,72.59638747
-55,-54.45571892
58,58.39264162
-6,-9.06962968
-6,-5.739355868
92,90.0986143
127,123.6476956
101,101.8891803
105,102.1251752
67,68.28578954
98,98.14394018
59,55.75236114
63,57.84898049
122,119.7325263
-10,-7.183413732
73,70.97647954
128,125.1942775
66,69.94933484
101,100.5629914
29,29.50305093
42,39.88963181
137,135.6315208
147,147.6497177
86,89.66785308
120,119.651635
25,25.73329852
128,130.0829422
62,61.65751156
-20,-18.78760226
95,95.34072731
75,72.51663048
16,16.89675462
143,143.8203694
3,4.214252785
12,15.65369242
64,63.15823433
53,53.95291265
65,65.88776535
2,2.14031787
128,128.8638736
40,42.83988198
22,20.03513298
89,85.37816442
79,77.98107617
20,19.27604511
56,51.99570061
52,52.1133399
27,31.87813389
134,133.0308231
119,118.8359254
48,45.88845501
42,45.24171657
114,116.083572
13,12.2966406
62,60.27792252
60,60.90737157
15,12.03081932
81,81.38245119
127,129.7727949
86,86.6520402
78,78.80150389
149,148.134835
34,33.70440199
69,70.19727326
95,96.03740425
-48,-45.82996415
48,44.74377952
66,62.00274879
168,167.1581672
10,9.410652885
78,75.37020046
39,40.6032212
164,162.9078353
87,90.97832063
110,110.4455451
80,77.91960128
72,72.46188976
65,65.8114267
99,101.2231636
68,68.99748842
74,69.77103029
132,132.2150449
121,123.2964571
174,177.4547694
104,103.8019432
102,98.46158905
69,69.92520376
113,112.3603339
-21,-19.56203438
118,121.5938372
42,45.69924541
122,125.8874951
179,180.2031446
33,35.87384173
29,29.60785244
103,102.33555
55,54.2954753
72,72.35615699
89,88.76502964
-7,-7.121674008
141,140.398937
105,106.1093239
92,91.08096982
-12,-12.42214223
16,19.12331171
20,18.28508359
57,53.52205529
5,3.267171481
180,180.6641775
108,108.3241714
19,20.48461907
80,79.33926295
134,135.1742184
-57,-60.064044
79,78.15134878
95,90.04550076
96,96.41953823
106,104.2720655
63,63.85681084
99,98.82260787
126,125.8364109
2,2.869079476
80,78.34194698
134,135.9335222
1,5.229416642
149,148.732401
123,126.4782639
27,27.7603729
70,71.81071796
59,57.36513266
-12,-11.3910481
119,119.0573155
101,100.8028505
26,25.13240887
84,84.44520633
72,74.51264813
75,76.73588448
107,108.8078649
84,88.27887984
147,146.1236218
110,113.8112864
38,35.97337705
89,86.63547141
-18,-15.6324842
25,27.89029664
99,99.60098513
70,69.68119392
67,63.781491
25,26.49429227
107,105.416707
142,140.265525
83,81.94472277
50,49.16519011
0,-2.482839532
31,32.36978067
92,93.5087894
3,1.592052952
-24,-21.67629708
127,129.0242723
75,76.5479198
113,112.9150018
17,18.13311471
104,104.6197501
116,114.0314958
-15,-14.59130035
104,105.343865
20,17.48323356
124,125.1966978
55,52.00408597
70,68.40475005
92,91.85556523
-44,-40.9555225
58,60.31974139
67,68.35113282
-42,-40.32220111
96,94.51599393
49,50.15594449
69,66.16799026
52,50.01873876
70,68.82476348
76,75.54133195
38,36.37351282
123,122.6068746
22,19.82284596
64,64.41241827
21,20.93664748
42,40.8182323
125,125.0176928
108,107.4341575
144,143.6087827
118,114.1007328
68,67.76763853
-79,-80.02502861
41,36.10536829
153,152.5054431
99,100.3699427
50,50.76093063
67,66.29512899
40,39.39567076
130,126.7370739
-45,-47.95139197
24,25.15949425
26,25.07055986
171,169.9051929
35,35.60567381
33,30.21663758
-17,-19.28114315
65,63.11920678
170,167.3696587
-30,-27.05830797
-57,-59.35951334
8,5.555325067
28,27.88716409
102,101.7523224
89,87.74077832
97,95.75948577
105,105.0455265
37,35.8748799
-20,-21.14183943
136,133.2968108
38,38.78559607
120,126.465954
85,82.19792336
91,93.95232569
109,108.3551333
-7,-5.252169615
32,34.24678452
40,38.6480645
47,46.68153074
115,111.406723
36,36.82462338
-20,-22.87977404
-60,-62.13956986
93,92.02207675
127,126.5857336
22,20.96207947
50,51.18916462
5,3.469513108
202,205.2779524
95,91.98845074
141,142.9352887
-18,-16.05516116
56,57.7472491
133,132.2431461
116,113.0945052
151,152.4166587
89,88.37970587
83,82.15514573
37,35.96993296
-32,-30.24286572
182,180.9122924
82,83.55823237
37,36.16696517
-3,-1.766886656
137,137.474626
106,106.5090943
5,4.258384983
69,69.78133769
134,136.0598872
122,123.0100859
43,41.79069425
25,23.36204911
146,143.5770429
56,57.82578628
119,121.2463627
108,109.9711189
82,82.92227489
10,8.913954226
71,69.28998107
-20,-17.9955617
-64,-59.93984777
59,63.35648796
81,84.97019269
79,79.08054443
9,11.74027062
128,124.4465564
188,187.5015825
78,75.86322689
37,36.82943191
84,84.62441102
135,135.0738559
124,125.4178136
48,50.61745378
96,96.23785147
6,3.543712322
74,71.5854366
107,107.1540049
13,10.63931085
97,94.93249266
-19,-15.63584012
78,81.16753418
31,32.42911056
54,54.5753846
65,65.08926067
189,187.8356119
68,67.72796912
121,120.9391225
54,51.37698563
65,67.22928651
62,62.60212263
79,79.07088759
144,142.427804
106,104.5855669
178,177.1430378
45,45.02254202
11,14.1384273
128,128.2363521
78,76.17075417
0,-0.228572145
-2,-1.609170415
105,107.8326451
72,70.51394387
69,68.61404041
52,54.08405103
122,124.6472655
114,115.2619873
80,78.41134932
162,162.3161624
1,2.844764805
130,132.1585582
21,16.70482062
77,77.11177887
72,70.78890421
137,134.3888307
44,44.62228083
179,177.1065357
93,91.00142501
152,154.6634356
43,41.66697246
90,88.40759686
169,168.9487177
29,30.64719471
87,87.66823644
-56,-52.67158027
49,51.00607339
24,25.50531028
21,20.34020017
40,42.2406763
32,32.93876692
25,29.73645388
129,126.9062693
182,183.223331
10,10.6106458
154,153.2930812
68,69.01733973
54,56.05601703
33,32.24211857
64,61.47971878
127,129.701548
81,79.48541922
55,55.68983805
32,31.5103268
27,24.96642595
63,66.08510163
124,124.3700602
12,14.28213977
58,58.15717698
227,223.2365604
-25,-24.86889298
99,103.6762313
116,117.3755786
39,39.60212081
77,73.60678302
126,128.1406929
31,31.43393201
175,173.2701112
140,142.6307219
93,92.522731
179,180.491224
61,62.24531208
96,95.83631539
100,99.03990022
57,54.68586974
78,81.61921681
15,13.03425891
135,134.5595354
121,121.0148379
39,40.84692737
75,69.69094407
169,169.4578795
129,130.3566461
19,17.61406609
-81,-79.30093684
69,69.68819523
94,92.7250449
71,72.08490266
119,124.48537
102,102.8559384
11,14.9656328
33,32.58390707
72,73.56588484
130,129.1873281
133,133.4783037
142,143.4440538
-2,-1.380759984
83,81.00682959
50,49.7126236
27,26.26348461
120,117.6972802
48,48.29383964
96,97.63223817
126,128.6554059
57,58.52803877
21,19.23997317
108,107.1612594
205,206.1644689
35,35.14386443
89,89.01745295
58,57.47136403
-15,-16.32551606
131,131.2110534
86,90.24458261
74,76.35655706
96,92.88659918
196,195.9132302
22,25.94528598
-72,-72.74824043
77,76.60729689
-53,-54.56116259
57,54.96432155
155,155.5453422
96,97.49086642
52,50.34628216
133,134.5912741
135,134.501947
14,14.52081448
34,34.60964991
73,71.37026899
79,80.4288249
-36,-33.08751064
133,129.3521852
-12,-9.972816282
48,47.359178
112,110.178068
-14,-11.8657259
66,68.59053487
45,41.71376605
25,21.78755119
54,52.84428034
193,189.9790439
53,55.59762227
26,25.65294934
79,76.11508607
121,120.7654076
115,114.7145768
104,103.8617121
-20,-19.25309807
47,47.0839095
9,12.31008737
48,49.25929867
132,134.9347751
151,151.2559647
93,88.81386178
37,34.29248942
33,33.06327873
-31,-32.06262306
112,112.6010201
-14,-16.37113162
29,29.69747672
124,124.3149704
78,79.44641389
84,83.83317929
50,45.55697799
66,66.63153724
57,57.82741611
34,35.57455068
65,64.42823489
11,11.45692948
69,69.62323439
113,110.8265339
142,138.9442249
50,48.94935182
-2,-3.566885875
103,104.2942109
44,46.44841702
78,80.33854501
92,91.1685576
54,50.95832659
17,16.66103139
67,67.27488536
-12,-9.389897878
110,107.0062966
72,72.99999441
45,46.68780157
-5,-3.120813551
88,89.24192274
-44,-42.46734001
160,160.6357497
25,23.24881888
111,110.1377366
80,82.64256483
69,68.74388044
100,99.40349282
73,70.01120987
81,81.05962207
162,165.7717753
25,23.75485842
10,8.047429437
24,26.89496782
-12,-11.30279237
66,66.54486991
26,26.4986641
115,115.5026169
82,81.86847874
90,94.00380571
104,104.143621
85,85.61936405
-45,-46.72012188
72,70.59326509
54,56.02521265
28,25.64031444
94,93.93602714
162,165.4719986
72,67.81685492
-4,-3.80054378
160,161.0189997
2,2.412887619
-37,-34.33682633
88,88.44283497
12,8.495976987
113,109.2221772
58,57.98577718
58,55.05082282
22,21.79273196
115,112.5302202
77,73.35236266
16,15.96649611
53,52.89664916
13,12.01642533
154,152.4940817
119,119.3765271
93,95.11202909
42,39.67495483
-18,-19.41215753
86,86.45317386
88,88.18492147
132,130.3031488
57,57.31297761
77,76.84714537
72,73.98876757
137,137.7092315
109,111.82949
39,39.90696085
197,198.0897299
160,162.2039673
155,155.2941882
45,44.90162297
206,205.4257673
-14,-11.35397443
125,123.6763818
135,131.7148981
73,74.27628912
32,31.77164134
125,126.3856909
11,12.31341522
89,86.72237973
50,48.39041077
69,70.78330525
-7,-9.187701364
135,137.2070965
165,165.9196157
71,66.16428426
59,60.76840079
34,35.27964904
155,152.8971763
97,98.81289149
107,105.6789041
126,125.3221961
28,23.99244798
126,126.8952013
26,26.48828172
152,153.5338699
1,-0.544114288
92,92.85234599
51,51.38676069
161,162.9565553
144,142.132666
89,89.44066537
146,145.6473485
-4,-6.586806042
88,84.86900116
136,135.2387283
-39,-42.1678789
110,110.9976499
120,120.989759
38,33.99242077
129,125.8585807
161,158.7142547
44,43.40447669
54,52.84236922
53,50.75632277
120,120.388253
105,107.330985
9,10.19590903
53,55.1280861
-49,-49.30669387
114,114.9254753
19,13.55204927
24,27.65994185
83,83.53855494
40,42.48437451
51,52.8933942
144,149.1983138
9,9.462783264
248,247.0141545
12,13.199062
12,11.67919227
21,21.9006053
118,120.0743735
75,74.24691791
58,56.76452687
87,88.03805572
85,83.06040006
-7,-3.852052049
3,2.422923302
90,87.12621858
106,105.3500786
66,62.90419412
61,60.86639294
-29,-30.50092234
46,50.00222929
18,19.09400238
78,77.93297962
227,227.4580148
177,176.3848804
176,176.2463514
32,31.2292212
92,89.82687818
57,57.46881608
28,31.23828722
35,34.86910798
63,61.02246867
72,72.01830994
17,14.16514818
26,25.89859127
-26,-25.62732189
39,38.30741028
78,77.73138947
166,166.9983775
71,72.74210938
18,19.89666695
114,113.3896494
38,39.1739462
129,128.6073038
81,80.67582429
40,41.61695969
157,155.1982538
34,34.88674436
-48,-49.78501141
40,37.1955706
28,26.51020411
77,77.76213921
111,114.0213898
-13,-14.33223421
81,81.02755753
38,37.26869223
82,80.91412158
116,116.5585661
53,54.00353693
36,37.41654517
142,141.7109476
23,20.23177689
111,115.0066515
130,130.8454681
37,37.91720689
99,98.48686345
81,77.65409123
169,170.1565241
-10,-10.82738054
106,105.5704586
-10,-11.75301785
35,34.52423934
78,79.2836322
122,122.6151002
133,130.0872412
88,87.89625002
224,224.6795779
52,50.19462253
121,122.26667
33,34.50763564
110,108.6116996
-2,-1.332105629
77,75.72591022
88,90.10910834
127,126.9902136
148,148.7810994
39,39.6612796
99,101.9612373
116,117.4566485
53,53.16622857
41,41.18030267
12,13.99593923
190,190.1666611
-5,-2.79096367
10,7.311348748
37,34.94518326
105,105.2667722
209,208.7880579
-42,-39.58380628
-12,-11.68757366
104,102.1202396
106,106.4289347
2,1.330792807
141,143.7042853
10,13.20442658
34,33.62080982
76,74.88951814
101,99.9243286
176,177.2337205
43,46.35871985
25,25.32187881
113,111.5712287
17,15.61529164
64,64.37794026
62,62.68672952
98,97.13960111
171,171.1555645
95,94.43412487
55,55.23438543
30,30.79505702
50,51.13551584
56,55.88178836
176,178.1368668
-16,-18.40966214
21,21.24107335
105,104.3353107
43,42.83546143
52,52.46576549
-26,-26.11279298
69,68.6848165
26,24.80732209
145,143.0980212
94,94.41169068
42,45.47837147
117,116.8588769
102,101.9307452
67,70.85962269
91,89.87059292
146,144.1999736
63,59.76064224
57,60.61553069
29,30.44870213
41,39.81684295
56,56.58177546
17,15.79767635
170,169.4484516
-37,-37.41363401
3,1.869373907
43,44.59977261
136,136.7802211
147,147.0145139
63,65.96862251
67,68.03539747
131,131.9944256
29,28.62454156
102,103.5665866
139,139.0044789
29,27.96766623
137,137.0520736
47,47.82798847
210,210.6771386
44,41.6258491
48,45.14759769
29,25.11087742
74,73.7402446
45,45.03090335
94,91.71279665
0,-4.409536354
56,59.37015827
155,153.8524088
52,52.73768281
56,56.51180955
-62,-60.28406467
-29,-27.89917571
-18,-16.57598491
84,86.57865679
66,68.11320513
94,93.71862906
41,41.29554268
76,77.01217686
48,50.04806502
66,63.48551583
117,117.9226275
52,49.60599946
157,159.3967314
137,141.2902537
136,137.967567
-25,-24.85247533
18,17.90153358
44,44.88531298
51,51.66329206
103,103.7449827
57,56.31516129
49,46.42014805
95,96.74140735
128,128.0553648
131,130.7704405
17,20.13953834
40,40.52175853
-30,-30.98323272
82,82.213059
24,26.53111434
130,130.8047541
83,81.21547537
66,63.79345022
-1,-1.364271476
66,65.06146954
119,120.1510824
22,21.25880193
45,42.27641402
124,124.4870306
87,87.87003656
34,35.09147237
167,170.2118549
42,40.89842559
10,12.01637951
4,4.234319085
65,67.34561033
160,158.9045488
30,27.78296629
54,53.2582525
-94,-93.29507527
131,127.6226995
30,32.41476482
77,71.27110964
69,67.78971423
100,101.4329226
76,76.11172626
38,39.4733331
58,59.30697536
92,91.95533593
60,59.8137595
145,142.1382532
59,61.85591612
194,194.8935808
-9,-9.164393802
110,108.2652052
141,142.4567984
131,130.249851
65,60.75140417
-29,-29.99241275
67,67.79255327
39,39.72771432
76,73.20177025
110,110.0819262
42,41.36242504
92,91.28728286
130,127.5519652
66,68.76569943
216,216.7669478
85,85.87580066
30,26.99796409
102,103.7186118
82,80.76356274
62,63.59811174
122,123.6325434
19,17.39469966
184,180.3732029
33,28.36861133
65,64.56906185
33,36.03072395
-8,-6.0642493
1,1.65915323
17,20.50697756
91,91.24654536
110,106.7557894
23,25.40972382
-61,-60.75285023
97,97.10093354
141,142.7161035
85,80.49011524
35,34.99897728
49,47.51702357
52,51.81072447
89,91.45024781
126,127.5535299
217,219.4612484
83,81.85223559
20,18.40852591
62,59.22706502
79,80.46456671
78,75.33797184
-33,-33.8329142
49,48.35045547
42,41.73824394
85,87.225477
88,89.89305065
151,150.9364351
265,263.4830051
-8,-7.267063342
249,246.4022669
55,57.03433477
233,232.9522323
182,181.0712521
83,81.77738417
115,111.6703439
28,28.0872857
102,100.5171665
129,127.6504966
11,10.39507235
123,125.8940327
92,91.56084285
34,36.32309359
-6,-3.442217813
24,26.14066713
18,16.70538518
123,122.827633
95,90.37151662
-1,-3.773150685
16,17.71304315
176,176.3210522
53,56.07594424
121,122.9897616
88,88.58453267
88,88.24438256
102,100.7025751
84,85.04678261
79,81.12256024
2,1.670733913
130,128.8249993
38,39.9749821
82,82.74622879
-3,-3.887699109
-8,-8.116426879
140,138.7830758
136,137.1319176
16,14.7063544
90,89.7438571
163,163.0079688
71,71.68999427
116,117.3298443
165,165.2755776
60,58.63828279
96,94.17009068
153,153.324355
130,129.6030425
75,76.26860602
131,129.500796
6,7.172444513
156,157.746776
32,28.38501364
155,155.2602009
105,109.458294
59,58.88820667
42,41.4521035
-23,-17.78019312
24,24.97557276
64,59.20175639
17,15.97256527
55,52.95521815
-13,-18.14515535
93,91.92463165
74,70.15195213
177,177.4565569
9,9.074297764
89,88.29658317
49,51.05373772
53,53.29621579
98,98.59540435
105,104.6756989
54,53.99049838
93,92.34879554
86,89.01968638
40,37.75292521
93,94.365875
16,14.69577319
8,8.733053313
130,131.7609706
101,100.144009
15,15.59948417
43,42.12061318
-15,-12.37167077
229,226.7907472
63,62.87442028
81,83.06837212
122,123.5674955
-22,-21.59946263
26,24.79740549
-1,-2.880440324
33,37.25935945
129,127.9793836
57,60.21672265
67,69.21999419
176,177.407272
150,150.1231066
-102,-100.0301307
71,71.91266417
16,17.59179895
191,191.4547702
85,84.9108752
51,52.30090212
79,77.56394206
146,143.7589966
43,43.02301667
74,73.53818176
59,58.6853909
54,55.46646506
45,47.14531076
103,102.2782277
115,115.0103308
131,132.0213077
13,12.10628754
63,63.76742938
34,35.84130679
25,29.54073103
13,14.27311663
55,57.15298248
101,106.1399736
134,134.9125987
193,193.280228
226,225.0402349
50,50.44081731
-76,-74.12349058
98,98.51355481
27,27.50281413
15,18.8383164
143,144.3162217
180,179.5640436
68,66.17819073
111,109.0526621
103,104.9125204
61,61.80959082
127,126.1425344
102,100.9587268
81,82.08817393
-3,-0.860187466
45,44.21238328
77,76.12269144
110,108.0657661
159,156.8073317
1,2.93240092
82,78.66175648
171,173.2687013
42,40.90646792
84,82.80570907
79,79.7288256
74,72.8387152
24,21.5906254
53,51.61837119
102,103.0286462
-6,-4.394694139
139,141.4937152
96,94.18119076
73,74.23204486
-10,-10.69023621
110,111.3341918
15,12.62644536
15,14.31748369
70,69.93968789
27,30.00153524
81,81.77342054
114,115.9486288
41,39.07982096
103,103.9552222
-33,-33.96753516
-26,-24.41845895
155,151.2542895
116,118.0216954
134,132.8919073
11,9.589877809
75,75.46968963
186,187.874696
-15,-14.58586732
89,86.1396071
170,171.8403757
97,97.27917518
38,35.41374523
69,67.34596737
-41,-42.10751317
116,113.8306875
118,119.5119651
107,104.8877596
68,66.72469386
84,85.8199055
-27,-25.54609232
102,101.1368141
8,6.602169302
59,60.7323693
121,119.2170618
25,24.95988758
-37,-38.19180431
103,103.7430287
100,102.0640061
43,43.00051329
5,5.259244082
107,105.7695522
10,11.98916948
44,39.92415473
42,40.61283088
121,123.1682017
91,91.74095038
127,128.4789791
45,44.92337529
169,166.7130752
39,38.0356515
102,100.6683019
19,19.04696129
94,93.95011421
50,47.53870765
58,58.73044182
-27,-26.07869358
100,99.95582194
102,103.5904621
11,11.15408802
120,119.1331813
42,37.86544053
149,149.4654455
24,24.64750628
76,75.74384149
56,56.31410632
31,32.33275357
122,125.3306005
116,113.9413341
201,199.4361008
100,99.29902465
83,83.98753223
91,91.55081503
118,116.9229458
116,116.0068867
30,27.6783098
49,50.22099482
-31,-33.72186459
139,136.8210569
51,55.77450058
48,49.18973528
146,147.7072711
1,1.59324366
40,42.91418199
206,206.1508876
14,13.36871878
61,60.60146678
131,132.3144434
5,4.127449718
64,65.99179942
54,55.64057258
19,16.85427046
111,112.7450384
2,3.831167647
53,53.72885979
77,78.67116067
59,57.61555514
68,66.00374451
174,174.516437
114,112.6751403
158,157.7817095
-44,-47.0281323
-31,-30.02607795
-24,-23.44490521
79,81.55180302
78,79.09541843
18,19.95821852
85,80.09675818
93,97.0895022
66,71.43948141
76,75.34367654
67,65.8276417
78,73.77159447
144,146.6342724
29,28.27237636
87,90.40993773
18,18.79311484
111,115.2363759
100,102.4608822
77,75.23992023
20,16.54853524
119,121.1208445
17,16.67395476
36,35.79823107
125,124.2755562
198,196.7524152
140,140.0608883
86,84.05699131
104,107.1869525
57,56.25642219
63,64.41254089
91,95.61383788
87,86.57720511
46,47.8101768
32,32.65341813
36,34.8634846
78,83.27077954
85,88.90612919
162,159.9150688
51,49.90430056
85,85.5588977
31,29.02981599
63,62.2406163
-20,-18.3986502
1,0.538513726
102,105.386998
65,64.30060144
49,49.94469009
56,58.55040766
96,98.16155061
16,17.08372716
133,133.659082
72,71.46523787
-3,-4.563519042
66,66.31283317
-37,-36.42667639
71,68.33004941
61,56.04264722
13,11.22098221
150,151.2032735
196,195.7623318
141,143.2180542
91,92.77569507
34,33.54684514
75,75.31758967
49,49.27055969
80,80.4685572
81,81.46998344
-69,-68.34425024
0,0.246147798
71,72.59140208
37,41.88428029
136,133.0911886
69,66.13959104
20,16.1526054
117,117.9694719
26,25.41793775
79,77.82576463
94,95.65275473
37,34.98979035
44,44.59912379
55,55.01351717
-7,-6.923038409
35,34.43212995
20,18.96218403
-17,-15.09923034
182,181.5426246
85,82.640015
41,44.51417451
140,142.9462189
29,25.27766081
86,87.56565073
90,91.8290375
13,9.904181658
135,134.6881856
81,79.793049
-14,-18.2297769
-8,-7.710456915
147,142.6782255
119,118.4925837
24,24.7784533
123,121.8409327
209,209.9724759
133,131.852107
47,46.07931929
85,83.88346312
3,1.920419137
-12,-13.22792582
149,150.9678847
104,104.3617447
-10,-9.503554316
59,59.57159454
102,102.2503933
42,41.15335918
-15,-19.68771251
12,13.24443758
50,49.1990147
-54,-55.31747507
134,136.3089501
19,16.81202531
93,91.74035571
-1,-1.636050128
27,26.48842698
55,53.65289421
86,86.63000885
84,82.37221683
115,112.3618074
161,161.9271347
170,169.2165963
43,43.53979484
138,135.7895783
186,188.6547385
108,106.985834
141,140.3197494
7,4.301848171
-12,-11.86955411
73,74.64727321
37,38.82911672
88,86.22922042
66,65.78696832
14,15.33172573
150,148.8119361
150,151.504829
88,87.74084646
80,79.68679285
152,152.9643761
95,92.59106125
12,10.53701552
2,2.393695748
115,112.2452703
75,73.33718955
59,59.59597061
50,51.25773319
88,86.06470771
72,72.99321681
163,161.0803234
148,150.4906023
112,108.892063
21,21.38126232
148,150.3492859
-4,0.549569624
141,141.3602175
82,82.87587395
-23,-20.40688753
-26,-28.53742695
89,87.6655969
89,88.55744303
19,22.2513612
121,119.283059
40,40.04870705
52,48.05502464
176,174.945975
111,114.7366076
44,41.9708622
23,23.94552705
51,51.24302346
168,165.9652324
136,138.4997026
83,82.09065874
123,122.8638544
8,5.68936284
97,97.11499897
-22,-24.29620673
149,151.4540881
111,111.1976587
-71,-73.15521824
100,100.8942748
119,117.7116418
134,135.1971566
57,56.80261154
30,32.42771699
32,31.43401532
-25,-21.12713746
62,62.18708666
68,67.69752049
51,54.71570444
65,62.42063974
82,81.13223004
136,136.2855008
68,71.46309452
-14,-8.43772427
94,97.27341749
-77,-77.00554973
76,75.13905116
59,56.15695861
5,9.135119348
53,50.49836837
77,76.10926994
108,108.8033329
118,117.4262388
-12,-12.70944354
50,47.78252022
-8,-8.76869447
59,60.38548388
64,66.2082249
88,88.0698775
60,58.96757848
4,5.187362207
85,83.02282344
46,44.0793725
99,100.159112
91,94.25850125
167,167.1973919
93,92.54003413
82,80.11364665
72,74.1716648
59,57.14947616
187,185.3721542
-1,-4.286683402
56,56.90088302
47,47.87213564
8,8.761948909
133,128.4694702
-18,-21.96912982
55,58.28019101
20,20.19236974
115,113.303839
118,118.0674975
73,76.01479438
161,159.7609386
58,56.14129629
99,101.4193637
32,29.94558133
92,90.61674522
102,98.285989
40,37.70410387
72,75.85143378
135,133.8471766
7,8.510629873
98,97.81462926
129,130.3916611
207,208.7844346
141,139.6377928
44,45.28602251
-5,-7.967690692
2,0.946235186
44,43.55766573
207,207.871242
129,130.0472884
148,144.8306903
102,102.0698377
116,114.7634538
31,33.36433835
68,67.45676767
177,177.4248537
80,77.2128552
120,117.9085209
81,81.75909291
86,85.24333879
69,68.25439379
115,116.5685612
81,79.04237768
156,155.5599946
39,38.2373895
37,39.57592605
141,142.1382821
121,125.4872433
65,62.40270725
-21,-20.04588342
166,163.5284369
98,96.23580325
50,51.30183686
-5,-2.972533192
-7,-4.353679254
-12,-11.4223958
45,40.62859338
202,202.9510795
17,15.70611364
60,62.72382359
115,118.030289
109,106.635333
-7,-3.53327682
22,22.21246524
127,129.7923753
125,124.5127396
114,112.9768827
-11,-10.2755914
57,59.5995279
35,34.94992922
80,79.03697149
-17,-17.18183581
122,120.229907
46,47.12842711
-17,-19.33342755
22,23.28149209
-12,-12.10876715
81,79.3443084
37,39.92603104
66,64.3019383
10,9.896201839
-6,-7.008435908
125,127.0214798
35,34.75158153
32,33.61077893
82,82.1581918
-3,0.109851483
-57,-57.54377361
66,67.07426261
14,10.42389561
67,67.23873675
92,94.35437483
6,-0.008170118
18,14.44059558
177,177.4380553
102,101.0786562
139,140.771645
78,78.09069567
168,170.1873176
93,93.1858535
46,46.16807611
-26,-27.21968725
-27,-29.20291852
107,106.5700956
128,129.8389736
128,126.6681975
144,143.6255217
85,87.25104676
44,45.17562182
66,65.04699731
51,50.81430798
24,25.70020345
192,191.8587534
82,80.35628208
47,46.21804067
142,142.0007566
-16,-17.53162841
84,82.40895751
197,197.9316652
51,52.78346444
3,0.076325476
125,124.5267293
34,34.89780556
39,37.99737895
83,82.24470239
84,84.26023263
53,51.88710345
112,111.4402253
89,90.36695974
42,44.77857171
30,32.54173999
60,60.60415804
190,186.6470195
13,12.76200245
52,54.9425976
68,69.68510836
162,163.2487932
55,53.30166828
11,8.717746337
36,36.14631438
60,60.72415674
100,102.9843362
73,72.34634557
25,27.26293481
154,157.0556982
69,65.86547008
195,198.076214
161,160.7985992
68,68.39509087
1,-2.712655933
69,68.02292226
48,45.1437531
98,97.98056904
-29,-31.60739158
-6,-7.979034016
53,53.83632739
179,181.2427214
43,39.69663762
150,148.9964501
184,186.3109384
67,68.00499307
19,18.20319774
10,9.726145221
-18,-15.84034254
146,147.3203639
96,95.02428801
-42,-42.524101
13,15.79490805
27,23.84734912
63,63.02986371
11,12.37199057
67,64.56240412
48,48.87473456
29,26.36534457
156,157.7888947
142,137.8480647
82,81.71007991
80,77.53916264
101,97.7937573
232,228.3011702
129,131.3190458
99,99.05610374
22,17.2440418
62,60.38430702
22,20.57129435
-34,-31.07107466
71,73.49082547
46,44.5773243
136,137.5751928
138,138.790566
145,142.2046029
157,156.2819577
6,5.234838151
125,124.5611005
116,116.0816879
50,48.7094695
91,93.11877457
116,113.7374524
73,73.27055632
84,85.06762748
77,77.20665468
191,194.0077571
96,93.73118977
82,83.51490513
117,117.9057317
-16,-15.4910807
99,102.004513
9,7.567083987
141,144.7753986
60,60.66188402
60,58.96573781
-37,-36.59141927
132,129.6481024
92,91.58472138
70,71.279765
47,46.27756111
77,77.96346269
85,84.20037282
106,106.4985485
79,78.64449567
106,105.5190707
22,19.53229285
-9,-9.794143541
59,61.39191047
56,54.84672445
83,80.01243919
-2,-3.220062993
79,77.88419658
-126,-128.9056841
33,31.84089138
84,85.8202594
39,36.97529858
70,67.05887242
54,57.44349769
211,216.6011607
81,77.51767934
10,11.99468919
114,109.8616359
134,133.3231196
102,101.7272039
-21,-21.28687422
0,1.981420405
49,50.0916832
101,98.65103074
67,70.05398852
178,176.9687647
74,71.79916261
78,78.42464564
127,125.185939
115,117.583585
34,36.26496867
59,58.84309775
119,118.6782608
10,8.642483826
120,123.4847615
93,94.70461275
44,48.79785433
17,14.74228359
42,41.08665611
-23,-25.13467201
46,44.18990715
123,119.1339048
68,67.73646786
40,40.28988598
-76,-76.78429924
208,210.8999935
-10,-8.261662412
62,59.42974597
-20,-25.48892167
59,54.8940833
-6,-3.488137717
9,8.835294414
153,151.9297281
121,125.5873945
34,34.65725031
-32,-34.60938198
147,142.6860827
104,104.0050202
11,11.93552649
45,40.8116579
155,154.6595252
124,126.6925619
31,32.1328727
59,55.65633682
31,31.13274083
46,47.88155016
60,59.60129881
0,-1.304456981
112,111.9845736
112,111.7100465
6,5.220539894
58,58.0934469
102,98.80920871
48,48.81180872
39,38.71426822
129,128.0897517
58,56.52161867
31,28.00687306
59,58.73959804
12,13.66205445
26,27.80684078
40,39.99111111
70,70.56539509
130,132.0149871
-53,-53.08367628
87,85.1349466
26,26.04005865
-10,-10.19561457
43,47.22995409
41,40.2390372
64,61.41077069
61,62.18342593
65,66.07812488
66,63.12649137
133,132.5969491
34,33.2035534
89,89.3696027
68,68.93035137
89,87.17842607
49,53.38362469
100,100.0905366
69,69.73481492
108,106.7138243
91,90.07245944
159,159.3314638
12,12.90235837
182,177.3580889
49,46.44295888
77,80.38864848
54,54.06663874
77,78.22000071
81,84.150779
97,97.3808065
30,33.77387795
17,19.98078457
-19,-20.90418534
97,98.99645006
109,108.8536874
115,115.4982671
129,130.2035078
29,30.29219146
113,117.3683022
23,21.37387318
46,47.79518414
26,26.66430206
150,149.5236911
105,104.4725782
134,134.3825628
-20,-20.33352608
95,92.49403949
-2,-0.647866849
65,66.56686834
86,86.69729854
85,86.63926986
98,101.9462943
0,-0.991025974
-28,-29.80052241
-19,-18.33265197
52,57.94597513
33,30.26900325
71,66.57120641
156,154.6998835
78,76.23875025
127,127.4404879
-8,-8.808020135
66,65.68321811
11,12.99639589
85,86.78651353
65,64.2289863
160,159.0187027
82,79.76299168
44,42.86268362
-16,-14.95590109
71,71.79428098
122,120.922136
27,26.55519287
-12,-13.61543389
116,112.9491916
194,193.8527153
114,118.2200345
25,25.27852098
105,104.9929299
195,191.4674811
232,226.7653046
149,146.4472716
67,65.33758733
166,164.476158
109,110.1848418
116,117.2359457
-17,-14.20385888
-4,-3.336108901
40,38.49563977
126,128.609194
146,144.4864468
74,71.69172756
132,135.4858865
16,16.64641303
47,46.73188978
133,135.7761878
140,138.0448391
66,65.98094689
-17,-16.8326601
25,21.95790061
2,0.229511168
-24,-23.91290533
132,132.1377954
25,22.51584462
68,65.13076037
9,10.33270093
61,61.78088614
123,121.9331436
113,113.1690138
63,60.29099898
75,74.58682574
73,73.88090987
33,35.40780185
52,53.0345743
110,109.6482372
64,65.44354101
22,27.52150047
49,47.27465253
-51,-50.2243179
-5,-5.813955398
68,66.15032241
21,18.57635001
42,41.54234229
7,5.911002927
69,65.01985316
1,0.701111454
-3,-3.284615492
86,89.38058051
79,77.14383909
102,101.6080012
180,182.021689
85,84.88226771
188,186.5510899
56,53.04605686
112,111.7260793
42,35.69554548
101,100.4016042
77,77.0267292
29,27.26680075
112,114.3036958
121,119.7841572
27,26.74660516
94,96.56192231
158,158.6517166
148,149.8050279
65,64.28728294
33,34.59880658
59,59.76424012
41,41.07001276
123,124.9770633
65,65.68796591
75,77.91540418
83,83.58346739
-1,1.335930692
167,167.0674999
139,138.2932397
57,57.51360254
70,67.69121006
136,135.4480211
84,83.98552217
46,44.42508747
-17,-17.98645458
6,7.801316578
69,70.30290537
30,29.64120973
101,100.5799797
9,8.021306845
-3,-0.386719884
20,18.48481238
85,84.21960731
118,113.9533766
33,34.43366354
74,76.47048347
60,58.63307417
44,44.660526
42,41.88495413
66,66.71793904
115,116.9057924
7,7.185859803
58,58.81989159
181,181.7506659
116,112.8198021
76,76.52488781
15,12.72678086
-5,-7.186720035
78,78.21313202
102,103.3432411
46,46.25225808
135,134.6610405
26,25.0779475
77,77.84355182
19,21.71068987
-29,-28.78394632
62,62.62369277
48,49.83223318
112,111.7129937
89,86.64266011
135,134.6666403
96,97.68713614
170,170.6098566
33,32.64014841
17,15.07226068
111,111.6991857
9,9.899057963
145,143.4807879
155,155.0104204
27,26.41693897
22,23.11118364
18,18.80256054
99,100.7849577
69,65.62200881
15,13.1522598
-10,-14.83948696
100,98.82245762
26,25.0707844
21,23.59464276
10,13.36955616
44,42.03645216
-20,-16.52714032
47,44.47298762
-35,-33.23804935
101,101.0681061
136,139.0878885
65,66.59899747
117,118.2508861
-13,-9.283268268
111,108.9950667
95,95.1397573
34,32.84257324
121,122.5062249
78,75.40037333
2,0.25354579
103,103.5031073
72,69.8433892
41,38.09284121
-33,-32.33617351
17,14.48432125
17,16.86666947
117,114.1588259
65,65.57022147
66,65.98487959
35,36.23656106
122,124.2237809
51,51.98721266
76,77.114348
135,132.4104125
73,78.89758701
94,91.27097865
51,49.02706927
81,80.78443773
79,79.19240903
136,134.4487912
-17,-17.83907785
66,66.47626528
50,54.06002133
141,139.4907628
121,122.075785
118,117.5259227
102,97.32504774
110,110.3102402
59,58.40741413
32,33.10928001
113,110.9021896
47,48.38008216
53,53.64869594
43,42.29815071
71,71.57470416
167,168.8112593
46,47.56539481
150,149.441521
157,160.1409889
57,57.04039922
22,22.42346909
98,100.1435644
12,12.1299858
76,76.35909237
33,32.88923001
148,147.7805811
-23,-20.1568598
78,80.42377956
-17,-19.94724575
93,92.37174389
126,126.5232644
28,30.93718029
113,113.5239193
144,142.0097713
45,46.13488971
-26,-28.22684754
152,150.668473
155,154.8800887
101,95.79380458
135,131.38813
71,71.37201109
121,119.5380208
-15,-16.59506704
55,53.6778717
49,51.6988446
47,46.53518054
74,74.06899262
2,-0.69913158
117,119.8114153
135,132.9434458
47,42.95009324
33,31.49711826
43,42.58520316
-31,-31.18946872
36,36.64641708
57,56.8781323
117,116.4618041
58,61.25981913
42,43.48322247
-6,-6.057466707
65,62.89644552
11,11.52999498
59,58.20801292
108,107.0089519
81,81.08723374
121,121.5312222
55,55.36427939
52,51.90758377
69,70.16291689
2,2.596119752
70,72.51682912
134,132.4730595
101,98.88476267
-4,-4.089919906
-6,-5.774698646
41,41.06871882
58,59.61314483
64,64.13120952
-12,-9.519798964
-30,-30.17333585
68,67.69726529
89,91.69762748
24,24.45617633
-27,-29.56593291
143,140.7347305
46,45.21120004
132,134.1737572
113,111.7411858
124,121.7938531
76,76.95779404
62,60.62849066
95,97.92901162
104,102.4498668
44,46.36967043
51,50.84678154
80,81.18658252
95,91.50180286
65,64.67417184
92,89.64672616
22,21.494033
63,62.7966869
80,75.80472442
99,99.66811569
-4,-1.97501177
88,89.29249197
24,22.90744633
71,72.98361324
-45,-47.6933394
148,147.0409163
106,106.4310896
77,76.45532368
-16,-14.35660175
105,106.1709196
16,15.27570493
-50,-48.79043934
11,9.834207175
73,75.67157344
34,33.3758283
38,40.04763266
52,53.04625421
27,27.76322313
53,52.62350287
126,125.4627513
100,98.94848403
51,46.0865183
140,141.2578683
125,125.6969356
84,85.89609143
33,33.85488953
28,26.62660071
70,67.80974892
106,104.4623673
13,15.50021358
53,51.85739038
25,24.93421884
204,202.7001349
133,133.20512
88,87.75060249
43,41.15308443
97,94.71504091
103,100.8483196
101,96.35654442
109,111.0582617
90,90.55321806
13,13.82146781
14,16.33630127
11,10.65520951
95,94.94612806
110,111.4649216
-5,-5.443127
75,70.65832829
58,58.79718239
61,61.60881631
107,105.3554845
68,67.51954927
109,108.9626586
47,49.64640076
24,25.31608381
69,66.62640323
39,40.46522803
27,28.20395839
7,8.123344293
73,70.38547597
90,90.53606945
58,61.80237734
77,72.65416231
105,108.1409457
-44,-42.74192422
112,111.4164866
94,95.63014559
189,191.1856733
-1,-1.68536004
63,63.01727113
136,140.1588315
38,37.77203585
36,37.31080211
69,71.12829691
173,175.0198523
43,43.46016103
74,72.88088323
-7,-8.599457096
-14,-11.97532484
14,12.40170315
-18,-20.68633225
91,90.90814648
-12,-12.68958539
68,68.76573531
119,120.3759996
-6,-6.565041158
55,53.62738686
32,35.97413274
42,47.58414749
62,60.74332423
53,54.18904984
20,17.17448996
66,65.43145149
68,70.48870161
146,146.2150266
122,119.2552492
52,51.95488694
2,0.762587845
10,11.4393574
164,163.4402035
-16,-14.68858611
35,35.47258253
93,90.06870161
-5,-3.66390568
141,140.1044776
132,131.646645
118,114.7448349
57,53.83292784
42,43.38971332
122,125.1255865
13,12.25900932
74,74.29196632
15,10.63206356
46,48.13298159
206,207.2016367
83,77.40760916
100,100.8853842
29,28.53471104
-6,-4.62687265
69,69.62598249
-4,-5.515499703
131,130.7536744
6,8.636136065
70,70.84740406
65,64.6870018
37,36.47815797
40,43.93105006
89,88.37495889
40,40.90866581
35,37.05820733
52,56.72731139
56,53.80203943
85,84.2420873
-40,-41.13693078
147,146.9751744
107,106.0128215
-9,-5.771592511
169,166.3195881
155,152.7697083
49,48.94128877
146,148.2850771
150,155.1107116
17,16.87873772
35,33.09302853
41,41.35665848
2,1.750166853
-7,-8.37948163
100,94.95269024
118,119.1558413
63,63.78397945
123,123.6306332
166,165.4766383
63,63.35329636
126,124.1361405
106,105.7977991
6,5.606011824
60,58.83277404
126,127.2831433
171,172.702175
65,62.32378433
156,155.1111253
138,139.3775017
140,137.2646947
37,35.80768027
64,65.54085268
108,107.3272668
99,94.85482428
81,81.11915271
81,82.24908291
31,33.86778065
84,84.28469831
144,144.6414186
12,12.73183669
108,108.2922431
-23,-25.27799345
-12,-15.01099054
36,36.3834714
22,22.83530838
88,88.20946225
25,23.61510603
37,37.29032697
47,45.35061763
76,74.05530753
97,99.21764889
-25,-25.64370886
-23,-21.05031859
93,91.10143619
85,81.75900092
181,184.2359646
-39,-37.81803271
116,116.7034946
-71,-71.38550507
-8,-9.577848207
32,32.76907212
34,33.62762271
147,146.245847
24,24.34318842
81,83.87501342
30,30.34692679
-21,-23.25815943
40,40.05165771
35,34.70642571
132,132.5636978
77,77.76860124
58,58.78305756
14,9.549100477
-16,-14.01549673
66,66.79044297
-46,-45.66399132
68,68.6245159
77,80.61872741
101,99.2291565
79,81.73773604
32,31.74939955
96,94.39315721
60,61.83627269
133,134.8159605
102,101.552451
44,44.04340262
2,0.273828082
81,81.15482253
9,7.049710399
156,150.4770635
41,42.72143608
15,16.23808735
50,50.64960061
-42,-45.95709793
38,40.48540485
82,85.67534914
27,29.6843558
86,85.22607196
74,72.90611821
157,154.2327968
196,198.8952529
36,37.29750991
23,19.79479879
126,129.8272986
24,27.34460511
96,95.69708399
68,68.4569357
68,69.07575088
91,90.13102366
103,105.0536059
41,43.69445108
-33,-32.4701931
73,75.52821184
189,187.1581676
55,57.90217513
3,2.748984642
177,181.0428337
76,74.71872947
54,53.59944457
183,183.3129794
101,103.9389088
72,72.47870174
57,56.52488456
59,63.48016005
-22,-22.95761408
64,64.13029875
91,93.58071281
-62,-60.75808778
-19,-20.1188074
62,61.70734854
55,54.30046299
55,54.97686773
65,65.47986179
56,57.21029906
187,185.8635937
55,53.54656894
95,94.87088683
96,98.25342017
8,10.13898926
32,32.17901309
26,24.27543881
95,95.10919153
23,21.58402129
63,63.04101925
138,136.4701637
115,117.3789897
112,111.7362441
21,24.71819571
5,2.834129314
5,7.320662982
51,55.65879569
141,141.5638719
42,40.27040444
133,133.9160174
81,80.69722485
87,89.99000568
21,23.32594795
11,10.04143027
172,172.2076557
181,181.2169118
62,61.76418315
86,86.0467457
-9,-9.636531719
175,176.9933877
100,99.56126552
35,34.64055561
4,3.756624347
-37,-39.15208863
50,50.44894138
165,165.5002987
3,4.01289936
120,120.1941069
41,39.19536217
129,128.7517329
93,91.75995985
126,125.2716477
67,68.33430134
45,45.22289507
162,160.1719841
43,43.77931725
-5,-4.889873041
102,103.3786362
33,29.35078473
66,65.60930011
-51,-53.19566106
9,9.57891146
51,49.29981653
73,70.86940483
99,100.2562505
167,168.4448395
37,38.4885284
12,12.32464824
169,170.0774008
103,102.4602622
82,81.17838206
7,9.114223472
149,153.4219953
73,70.43759509
130,129.6685008
134,134.2995227
-21,-18.36014748
107,108.8418408
82,83.23577812
44,44.03728631
-27,-26.42512815
159,158.7949995
132,131.1351164
119,118.2238397
168,166.3860293
104,105.2434088
140,140.8523372
39,39.2641187
101,103.820702
48,47.81859408
156,159.6690445
148,147.2165231
-43,-41.07742733
62,61.16738756
-2,1.006669072
19,19.97018765
189,190.7237588
77,78.76136099
76,76.23397609
43,42.79181719
68,66.71790949
106,105.7685755
36,36.71495823
101,103.4234147
-9,-9.124825293
98,98.55279407
-26,-25.17464518
-104,-105.5783441
88,86.11391634
138,140.2777379
87,85.99250321
19,17.83007271
97,97.97892777
163,167.8564241
81,81.90211054
187,188.6636339
72,69.67742312
150,151.6082607
6,8.464128965
47,48.06884512
45,44.88927237
57,55.3534185
77,79.10895805
76,76.32573269
84,85.81176479
111,109.5275107
133,135.8651524
50,52.25670388
70,71.22588949
43,45.92431285
-29,-31.05734246
27,28.09642767
67,66.67304599
73,72.74248928
102,101.8687044
37,39.13438549
46,45.34806665
45,45.49912005
141,145.9133411
156,154.1216186
3,1.197153881
189,185.3865366
112,115.530194
140,138.6437749
62,61.27947039
111,109.3899152
92,94.18370634
38,41.2014997
-81,-81.84190703
139,136.2113846
58,57.53939241
63,56.84340271
49,50.79679838
21,20.0952042
80,77.90282772
0,-1.98891788
99,100.2399378
70,68.69385137
56,54.44817796
56,58.56952446
-39,-43.23120171
-16,-15.59829565
48,50.74249675
121,117.8762646
87,87.1797133
92,90.21788085
56,59.14401512
18,20.45146839
-27,-26.92604008
16,15.13765481
9,9.133155051
137,136.8895944
76,75.39943614
130,130.4391593
82,82.00536042
51,48.86568719
47,47.99784164
-1,-1.220700355
46,45.93221662
62,62.93571074
-4,-3.460987855
47,49.11994458
141,142.50163
112,112.483671
160,160.8653117
2,2.078508398
42,43.10719912
141,137.9537057
6,5.592850283
42,39.96829746
37,39.14290881
30,27.95952663
30,33.19887285
111,107.1411967
33,31.65509064
128,128.8225999
76,75.95471521
97,99.2510597
53,53.82794109
95,93.51082811
152,149.5765184
124,125.7745242
104,103.6440799
87,88.80394226
95,98.93187564
113,113.0866235
77,76.74696445
116,116.6669623
71,67.58387496
82,83.43638941
32,34.19339268
-30,-26.81142024
46,49.96230176
112,109.1162448
15,12.37396218
75,76.71201692
100,97.95699463
-31,-32.47597835
104,102.3255543
153,154.4709502
36,33.62165047
25,25.11336756
171,172.6430528
-31,-32.48952499
53,54.36233633
37,37.55166432
-33,-34.10679221
-17,-18.2346246
92,89.9559428
146,147.0313556
68,71.35386383
160,159.9777532
0,2.175962619
92,93.74590965
32,35.0152529
76,76.0222179
101,98.48807416
80,81.78332696
104,104.001912
29,31.03726086
57,56.87437051
49,46.44286735
123,122.385584
15,17.24459816
169,167.2118297
95,97.59539656
113,114.4395788
37,36.07510707
98,95.32830121
86,87.50225232
82,81.74702176
43,44.57518503
64,62.87397856
74,77.03974602
-4,-6.389840289
73,72.82301066
33,31.55123497
4,4.766137941
121,120.6841823
26,25.69244615
137,135.7325642
123,121.666987
74,71.72387185
59,57.41127645
146,145.8980618
141,141.1592462
111,110.0136345
43,45.60361458
68,62.12691349
-111,-112.7781053
204,203.4122405
97,97.50813796
57,59.25394971
121,118.9821482
104,102.5953423
84,84.79824142
-16,-19.02533983
0,-0.322823656
158,156.4266192
22,21.82970599
43,40.75648872
23,22.69641452
171,168.8355032
39,37.73014737
155,153.5620627
82,79.18853908
204,203.8913443
163,162.2294417
200,199.0643116
15,17.05094038
78,75.05694188
94,92.87093603
64,67.94733328
102,102.6088793
83,82.94216614
120,119.6380952
4,3.404677634
104,102.7134581
17,18.44660632
21,24.40842306
101,102.4119589
94,92.76722783
33,29.85315967
205,203.8028065
96,96.29390049
66,67.54646163
70,69.91316728
70,70.89743207
88,88.17393462
95,93.53096688
92,93.44183414
99,97.01359975
138,139.3154776
122,122.1686524
68,68.45729004
166,167.8636489
-53,-53.39666849
107,104.1412605
41,37.60074447
-18,-15.76530545
39,44.98232236
10,9.195693875
-8,-8.165256674
80,82.18694241
124,125.0305742
46,44.41236956
14,14.05721509
36,33.98294361
36,37.59390075
107,107.4189252
106,105.5470274
104,102.6351557
175,177.6049836
137,139.0672158
112,110.8988205
93,94.29215114
-30,-28.78943675
156,157.2180905
54,54.84060469
49,50.0801061
27,25.1879616
0,1.219853585
90,90.90015256
103,102.9123698
62,64.52166961
132,129.3255521
75,71.83785962
105,106.3782829
172,169.7706461
29,27.29457499
75,72.22573909
108,107.2276969
-22,-21.68354512
-2,-1.731726485
99,97.60112504
9,6.812185113
97,95.87644358
78,78.41258751
61,60.42779438
90,87.14774699
-45,-46.32314287
98,100.8439471
48,50.22391389
62,61.36039277
55,55.25031833
66,65.36884378
79,79.53757618
-38,-39.24194846
44,42.95468575
70,68.06252027
81,79.07396953
100,97.86544036
10,12.32372567
86,84.61781866
86,85.29069176
105,106.7768687
94,93.1264353
44,43.76068556
53,52.11684723
104,106.6063042
-19,-21.18985945
81,82.09202192
127,129.9355321
85,84.34410256
60,58.2901452
78,78.64323915
75,75.35042259
172,171.3284366
89,86.5489047
130,129.8407002
84,82.12070538
218,219.0710682
135,134.3107129
171,169.0993368
38,36.11022191
97,96.45693146
174,172.3388777
57,60.65768639
140,142.6863151
72,70.38017606
77,79.28844064
100,98.30772603
72,70.99395218
61,63.10719296
33,34.49010435
57,59.22493225
94,93.04462113
170,169.4217681
45,47.54633764
116,115.3225747
62,63.1813354
135,135.2814988
51,51.6427757
22,22.94402594
8,7.399433703
-17,-15.3973015
142,142.838734
85,84.85202462
144,145.4931972
48,48.18586093
25,25.86386461
147,145.0172315
18,19.13435278
33,33.10756115
25,25.91277689
92,90.66595208
25,21.59427632
97,93.6590145
179,178.8698989
118,116.6351629
91,89.21628652
119,118.6262036
178,176.3138586
21,17.59589241
64,60.94735695
70,69.38302366
69,72.34409277
51,51.95488773
116,113.5213124
82,81.2933571
88,88.28775548
60,60.83872545
71,71.71674965
43,42.27062749
72,69.43840604
31,30.31182222
30,32.29499545
55,53.43366775
7,10.40089484
38,35.81542054
118,121.8578656
70,69.40052774
126,122.5921494
76,75.74122246
90,92.51705218
14,13.28404303
38,41.66476204
71,67.42724644
88,89.87798167
115,114.6009406
88,88.66725259
36,34.17787737
65,63.94749399
55,55.93163426
31,30.90227002
77,76.50287585
132,133.2073418
149,148.9892828
58,57.46452698
108,108.1195339
120,120.6209419
122,124.9462971
-5,-4.240730836
-1,0.367696898
78,78.47144232
40,38.18080036
113,118.773244
49,48.82467134
96,96.12493513
72,74.84241015
32,32.11659483
57,57.07194911
110,110.3373407
78,77.80439431
16,17.65802988
102,101.9264713
87,85.50943812
98,99.16428724
47,46.2080731
20,17.69713149
90,90.45827826
17,14.59955877
13,12.15898004
193,193.9150419
140,144.6190931
2,-2.186416832
58,54.46844994
80,80.95211774
123,126.352567
24,23.36322303
101,104.400162
36,35.92769413
113,111.5759565
-1,-2.063706369
124,122.4366692
95,92.43800625
85,88.61390955
7,7.322348954
76,76.82617929
75,72.87730881
89,89.35373541
-28,-27.60727751
160,157.8506629
69,68.83374644
39,39.4918404
139,139.0911941
-45,-39.98254105
134,133.0035322
81,79.08516308
69,67.12206814
201,202.6264248
113,110.656287
43,40.37813007
170,167.0042858
145,142.5677877
208,205.7879293
38,38.26255028
72,72.27738215
54,52.15636817
-79,-79.07945296
51,52.18906632
167,168.9732643
-73,-71.1340064
71,72.71743062
63,64.00829143
49,46.7490776
127,126.9875257
88,85.98474604
79,76.65954639
-36,-36.17365384
18,14.7902887
211,212.2033488
62,64.09840289
41,39.59792553
103,103.336868
-4,-1.434312589
7,5.645207971
13,12.58321917
128,131.8987408
108,109.6867723
123,123.1595757
168,170.8455732
-39,-39.04438264
47,44.54917645
124,120.1943738
84,86.47353689
34,33.67476109
111,109.6806262
85,84.49683225
88,89.294546
181,180.489762
166,165.201573
47,45.67943426
2,3.049675592
-7,-11.66525595
14,16.43541766
14,11.48796063
55,54.10594349
33,33.49957059
88,86.19577526
24,29.0646413
110,108.7194734
82,83.59684831
22,23.66027393
41,41.05970393
123,123.8371235
39,39.95445747
65,65.49214065
-29,-29.75695003
179,180.1119234
83,81.39231747
73,72.87808729
76,77.70883528
-30,-32.00720811
55,54.51205292
88,86.73650348
22,20.88636335
21,19.19443129
117,116.9876665
-14,-14.42858485
4,1.903185976
118,116.1806361
-3,-4.89792956
-5,-5.016369355
36,38.8949904
204,208.0364044
34,30.98309159
22,21.6429875
83,82.31895919
-58,-59.93199374
30,29.35258072
71,70.05584214
16,15.60786666
24,25.23420454
106,106.1076448
18,20.14229772
20,21.54960521
52,51.5373737
134,133.3601496
34,30.72328478
143,142.4822088
-95,-93.70319205
91,89.84193505
-26,-26.65505231
-35,-38.78492081
-17,-13.77729238
0,-2.454290819
122,120.5901406
55,54.53629161
56,50.99885594
56,53.03711594
155,153.6298034
154,153.1205559
-34,-33.83612819
52,53.62349609
102,105.051137
-8,-7.984610638
90,93.59641466
56,56.23925932
55,55.60648065
9,9.352442697
44,45.34899069
169,169.9223548
47,45.21077687
163,165.5786964
17,16.77178392
38,37.91419097
56,55.28572511
127,128.0269859
32,29.35278463
3,0.048548862
26,26.41685088
50,49.45401765
72,71.29190011
147,146.4943687
62,60.54750475
69,62.09392921
41,42.91434457
101,104.222046
52,50.26564696
71,71.12706944
16,14.02378636
126,124.177386
103,101.2119048
129,131.6113112
-9,-10.97432903
-1,1.862387731
-15,-13.14071014
44,44.16729452
-25,-24.14161656
37,37.03521462
28,25.36980655
170,170.3128149
61,62.23883327
15,11.58044213
138,136.0274343
77,75.32311471
91,88.9894454
83,81.26394819
-57,-53.42353787
95,94.11353852
82,82.49423859
151,152.2676156
185,184.6764497
61,59.17764038
55,55.94834933
115,114.3617111
103,103.9740487
30,29.50186041
54,56.1715552
74,75.5653865
27,29.29952789
38,38.61659512
24,20.35813272
151,149.4998168
29,27.6540942
41,38.12863012
123,122.8472207
33,35.88944419
82,79.08372067
36,36.99852895
107,106.0211313
137,138.4780089
57,56.25929083
19,21.56037365
61,59.46562479
100,96.60883554
41,40.42479437
21,21.50468896
82,79.35720542
68,67.40796292
95,99.3464457
127,126.0174615
228,228.2975457
81,82.26807618
61,55.88273842
-10,-12.14198314
12,12.48319397
126,127.5197101
42,40.90923853
125,125.913217
155,153.7202923
20,18.30991699
114,113.2925388
44,44.1213097
105,108.044511
23,22.84757077
-2,-4.732159549
46,46.57976403
71,71.62746718
42,43.86940129
72,74.80744514
-7,-6.970657905
44,44.2260297
80,77.97286261
117,116.1110777
-57,-59.60292676
48,47.5498318
0,-0.997794035
26,24.33594369
37,38.7494382
97,98.11785245
-45,-45.81742724
86,87.48164172
93,90.83538166
168,164.7368516
99,102.9236997
37,35.58912772
148,147.7874437
107,107.093531
77,79.41489018
68,72.01000337
16,16.16537334
70,67.68404943
105,105.1884349
134,131.0066372
86,83.97624461
117,115.8302317
92,92.40603878
76,75.99624521
-3,-0.708914783
100,98.4699604
44,41.62862462
67,66.36586224
109,109.7654108
110,109.1758966
12,10.92903324
116,116.0539578
83,82.4343991
43,41.03558299
148,146.7815931
148,146.6306222
10,8.555608109
17,17.41999376
51,49.99387964
88,90.33043976
33,34.55550714
96,93.70355755
147,146.2717372
26,25.34576806
105,106.9661598
142,144.5617376
75,73.49834124
87,85.78874537
133,132.8031624
108,108.704848
142,144.3431879
133,135.5070614
-8,-6.989931849
81,80.19756234
24,20.41742574
68,68.31549222
37,36.39168769
114,112.8162469
41,39.3202427
167,167.0903147
42,39.70250156
145,145.3811084
85,88.09764204
128,129.4120616
71,72.86830056
47,44.82345288
205,207.8017263
174,173.0739065
74,72.30560309
6,5.011701485
30,32.25378233
66,66.41432487
23,24.5953437
115,111.951805
38,40.08882395
0,-1.640288673
157,156.8917651
167,169.7811775
124,121.7255728
63,61.69976988
-5,-9.316326236
-6,-9.322914365
78,76.36109417
118,117.9818426
99,100.0015813
130,130.4833052
127,127.5827611
72,73.31606596
78,74.76047937
137,137.0739169
68,66.49170541
-94,-95.53969307
65,64.06357507
27,25.39575646
89,88.62549133
47,44.3664052
159,158.2767841
34,33.8372316
33,36.71255289
25,20.67304546
87,85.55566391
95,93.99847772
118,120.5572721
133,132.5448901
75,74.73144392
56,57.63949453
25,24.87905784
78,78.06647866
59,59.00115663
63,64.01937034
27,30.11366519
87,86.47736617
133,134.6539651
61,58.74155872
148,146.8376981
31,31.04158617
111,108.4391824
98,97.14595086
26,25.58211933
95,92.95691436
87,88.75846965
14,10.95766607
62,62.17996613
196,196.1986588
84,85.53624845
-40,-39.80878198
130,133.0779863
121,122.5185857
33,31.60645316
138,136.9674807
121,119.2722188
143,144.2046894
105,105.2015238
164,163.3965882
106,106.565815
132,132.6538832
92,90.68603473
12,9.946955811
127,125.3662256
149,148.5446124
151,149.9513209
120,118.6807874
37,34.6744436
153,152.5343179
64,63.32623457
65,63.89521614
-18,-17.68198974
95,96.87294557
22,23.60054308
11,10.5933547
-18,-20.69287801
-62,-62.21334901
18,18.85181262
-32,-31.33383443
118,116.1932935
101,100.7390092
-33,-34.40499402
77,78.44675812
113,111.0021893
80,85.14451921
54,52.59108492
64,63.74715259
44,40.18794549
47,41.653183
54,53.09348087
23,22.01394487
167,167.225235
148,153.3295335
102,103.399681
91,89.06284173
32,31.98884617
-13,-13.57693782
-2,1.826573669
94,92.00176186
122,119.2306152
21,19.97120881
48,44.90943104
27,26.50041541
118,117.5793557
96,93.47695068
161,159.7509059
37,40.38397506
-40,-40.17178241
45,46.01539638
118,119.6908033
27,27.9714796
117,115.7168621
69,71.4941266
17,15.52555813
21,17.97738973
103,103.8068517
39,39.48097887
28,27.43474126
63,61.11098264
54,51.60827585
86,86.79409952
120,121.2652138
50,53.2395445
-105,-102.9769505
73,72.38931342
102,101.7538621
114,113.8118043
64,66.07736381
72,73.21948614
17,14.41196191
62,60.38056241
78,76.23740112
11,13.38010053
64,65.07866827
66,65.56622637
78,79.61382249
11,11.16089676
4,1.735554147
19,20.47805316
105,104.2059521
28,28.48559355
-50,-47.45026121
123,124.5311988
13,12.6986439
72,76.63890398
115,116.1149173
-26,-29.85155796
152,149.5565018
56,57.35165652
58,55.16584362
12,13.0750642
68,68.90763952
85,83.66392333
80,78.49231096
16,14.00875333
49,48.28146675
60,60.74743103
150,153.4549203
81,84.71520004
45,40.88545417
143,143.3205645
114,114.7530653
16,14.41858142
68,66.76456965
85,85.02910157
48,51.87478686
85,85.15283307
12,11.65289129
102,98.48951929
6,7.31191824
106,105.9007758
152,148.9901476
105,106.1376483
140,138.6817603
43,44.68210504
80,84.95940566
107,100.4101463
145,145.0445067
50,50.91078368
126,127.9327042
27,25.48817409
90,91.98181418
-6,-2.262821013
22,23.19500958
87,86.31438522
74,76.07133607
17,15.18357099
55,52.89413471
42,40.83327143
-35,-38.05446193
21,21.48179541
-51,-47.7674894
112,112.1158094
33,36.5046461
-47,-47.07112867
22,24.02834421
51,48.62115975
128,125.0635772
62,61.18367192
84,84.42095183
34,35.82954426
135,134.412435
42,42.33918275
133,134.6564521
45,43.18036314
139,139.7847949
23,25.79217643
8,7.86680022
-79,-77.94318391
119,119.1990925
88,90.47001755
37,38.3187593
68,64.68157003
46,46.81203257
42,39.48140087
58,60.74654709
78,75.45862804
51,50.77439561
-15,-16.92945139
89,86.26059461
89,92.40417982
56,57.32710072
59,61.43984174
123,119.6975363
152,154.357455
63,62.0564436
96,96.80720671
33,34.69961793
43,43.63891146
55,56.77711801
61,64.65639166
69,70.13072548
-12,-17.21914799
61,62.47836447
128,129.0154712
151,151.3667793
8,8.290289108
123,125.9918582
6,3.290519891
165,162.0136434
86,84.14472483
-8,-8.987522911
31,31.56806277
37,37.85258382
90,91.59973933
85,85.27407855
69,69.72396562
91,92.968611
43,41.73669642
166,165.4474164
91,86.12929803
62,61.5209991
112,110.7791762
134,134.8849315
-3,-3.031834117
57,56.58425613
26,25.40897103
254,249.470521
100,100.7337428
44,43.03201095
67,67.66087313
90,90.1870394
186,188.0511504
21,21.48997525
49,50.38443422
27,26.10730615
131,128.6033676
131,131.6187944
48,52.52587087
102,102.7271641
134,133.2762489
102,104.2811594
118,114.8903675
114,115.4630551
118,119.9220211
3,0.483912704
52,50.71853452
75,75.951749
125,123.4821689
94,97.71471735
-17,-14.47586771
62,58.35088163
94,95.5972396
-33,-34.19909414
17,18.05181603
123,121.8174398
145,140.9147946
32,32.8359394
44,41.57855556
-2,0.070462772
-3,-0.649530059
66,65.47286266
12,11.36687279
42,40.12966786
13,17.73608092
33,29.97402602
97,98.60842698
-28,-28.50228104
121,121.3193835
71,69.97167563
90,90.71670518
73,72.54623366
103,105.1706592
159,157.7039746
-34,-37.0242724
82,80.75561228
65,65.47292011
94,96.06944262
71,74.6961196
95,93.28536491
39,40.48462986
38,39.52628439
97,96.366508
119,119.0626718
-26,-25.14183148
145,143.5012702
103,103.6093554
14,15.73593274
116,116.7489925
126,127.7907525
184,181.4284585
22,23.33899936
110,107.5786543
105,105.3676027
144,144.0788782
62,62.24531774
21,19.02472725
124,123.6074254
25,26.21040012
24,26.4471375
86,90.30664033
15,12.22344262
58,56.08936547
43,41.70194784
14,18.31850291
-17,-15.42494205
63,63.08470495
124,123.4325485
92,89.11943707
112,114.5134789
163,160.8385243
26,26.5951131
87,86.72265405
104,102.4023534
144,141.2375565
12,11.76355552
-10,-11.17361784
112,111.5321131
107,107.2861664
91,92.23621642
88,86.4373853
55,55.72268338
32,32.64702775
158,157.0115416
85,86.03798612
46,46.35606508
133,133.3838062
72,73.07584637
27,26.11543214
51,52.59173977
-3,-2.62959105
109,106.3387192
70,68.6047704
-60,-59.34023152
103,104.0805189
124,125.7866124
-67,-67.26583756
98,95.46115683
150,151.9604482
159,159.7830238
173,169.6922258
23,20.10650833
102,101.365198
132,132.0767434
51,47.34682158
76,75.96679048
109,110.0007979
84,85.72311654
44,42.69193606
40,40.58686807
16,10.92766562
8,5.31071459
-10,-12.57503893
205,204.9116043
49,49.26656952
-79,-80.48894978
63,63.73588361
95,92.14894482
158,162.7013438
97,97.17108872
131,130.7502781
110,108.4394949
119,120.6604833
63,63.73252524
101,100.7437652
68,66.26718122
69,70.43141238
-18,-18.32193207
111,111.8182024
132,135.61447
-3,-2.257193383
-14,-9.165200816
156,157.8675165
10,10.08867252
7,9.496957211
54,55.92011369
-54,-52.69462774
60,59.94038491
52,58.01832868
47,51.31844172
32,31.76299254
72,73.12664923
118,114.5320608
72,73.57148767
17,14.4861164
-57,-57.6179385
41,43.23004891
75,73.76534847
65,59.76571422
171,173.7340766
167,167.2560143
173,174.1022393
50,49.80610786
109,109.5175928
10,7.736710055
2,2.947299547
126,126.9966254
88,86.7056076
53,53.46355183
42,42.27786387
141,140.8204109
21,21.44128356
17,20.11145285
51,48.86288367
86,88.76826344
92,93.06773541
54,55.70445908
51,49.28778217
66,65.76169414
-12,-8.953523265
17,17.74770715
12,12.42264716
184,185.3547322
102,98.14439217
26,27.30596454
6,10.30393607
57,58.80677349
72,69.59159641
102,104.5006097
94,92.71490832
137,136.5200328
132,128.5599478
-54,-55.00570606
84,83.5599121
89,85.80580737
95,91.85466891
53,51.06845756
63,64.00390188
70,69.55920146
-40,-40.13477954
82,82.37782758
53,51.0343179
63,59.55994187
61,63.20544791
45,45.06997203
-21,-20.35985846
4,6.275442811
100,100.5717712
-21,-19.9201096
120,118.8414978
-38,-39.44927632
72,71.8039257
28,27.08964057
107,110.6703044
59,59.14830125
33,33.15200319
2,2.550412079
122,119.8956792
194,192.1316814
48,47.52002955
30,28.75277724
88,90.02234268
13,12.50355884
64,66.03728083
37,37.60420155
0,-2.895851729
70,66.20845461
122,120.5150211
16,12.91059552
15,17.73106453
87,89.71958247
144,146.7012921
117,116.0659135
112,113.5710675
103,100.4085001
30,29.63384971
146,145.9672309
21,20.43673564
120,121.8278688
140,136.5682377
49,49.79082929
43,41.03257829
15,12.84493032
32,34.28288072
66,64.93396773
20,19.30416598
97,97.49805016
27,26.94306566
8,6.674403891
35,30.85422408
126,123.3020452
50,45.73525889
185,178.1180704
104,104.5789353
122,122.587187
75,76.38287288
99,97.87436067
-2,1.517134974
142,140.1338678
164,164.1497302
142,142.3179661
63,63.72210597
-43,-43.07559496
102,100.6296113
158,158.0424086
83,80.4820129
92,93.00068569
51,51.60796231
35,32.59480662
151,147.96707
58,59.97820539
77,75.5997008
102,100.6817078
35,32.93185882
24,24.18002498
119,117.155675
90,91.28297677
13,12.78792483
101,102.6775549
43,42.37473957
88,87.60251023
-4,-4.906234536
40,38.23669488
88,86.8903982
4,4.902984114
153,153.7748033
31,29.67399493
132,130.5406475
100,95.71269912
16,16.46028829
98,95.83726391
25,25.76979722
69,67.29703255
42,40.69306893
1,0.463399572
23,23.71968178
24,21.64595532
23,23.99411504
56,57.03423703
131,133.0640624
24,25.04614768
14,14.70213642
39,41.69926534
50,51.16394133
88,85.95240583
45,49.12118689
-21,-22.87118568
22,19.98689622
135,134.6019372
41,40.25688332
19,17.49735747
1,-1.502755519
8,8.554754078
15,17.57871521
76,74.91814078
111,109.6656533
59,55.21994759
26,26.34821679
53,54.92876686
99,97.46466175
17,13.58323926
146,148.8361151
164,164.3476442
4,3.392448046
73,74.40681745
-11,-11.2445399
38,37.40236481
-8,-8.702870458
47,48.90533252
50,48.90991927
68,65.11138465
126,126.6377665
-29,-29.77939435
67,67.35913334
120,118.8474204
64,63.45099377
36,37.00563369
96,97.58450592
115,112.3487053
76,77.12632837
95,93.10717455
174,173.2956072
74,73.74167732
68,69.56854254
107,101.6791811
33,33.64963548
55,52.74142948
71,67.17932897
95,93.23602759
171,176.1361877
-8,-6.588451122
82,81.24303415
50,53.31070227
84,83.5151045
118,119.3742723
53,50.37255228
101,103.2021442
23,22.0990337
-28,-30.93826249
85,85.5733833
88,83.55993935
34,33.25762364
78,74.20313179
159,159.9893828
60,61.47504121
29,30.30072312
66,62.30711191
98,100.1117532
48,43.81841152
110,110.9821739
-16,-14.96275391
93,95.31434504
126,127.6087211
-6,-6.366950829
61,60.82414812
22,17.58498719
116,115.2819948
